<?xml version="1.0" ?>
<LOG_ROOT>
	<PROJECT NAME="Lab4">
		<CBX_INST_ENTRY INSTANCE_NAME="|One_Counter|Data_Path:DP|ALU:ALU1|mux16_1:mux16_1|lpm_mux:Mux2" CBX_FILE_NAME="mux_joc.tdf"/>
		<CBX_INST_ENTRY INSTANCE_NAME="|One_Counter|Data_Path:DP|RegisterFile:Reg|lpm_mux:regfile_rtl_0" CBX_FILE_NAME="mux_joc.tdf"/>
		<CBX_INST_ENTRY INSTANCE_NAME="|One_Counter|Data_Path:DP|RegisterFile:Reg|lpm_mux:regfile_rtl_4" CBX_FILE_NAME="mux_joc.tdf"/>
		<CBX_INST_ENTRY INSTANCE_NAME="|One_Counter|Data_Path:DP|Shift_Register:Shift_Reg|lpm_mux:Mux2" CBX_FILE_NAME="mux_umc.tdf"/>
		<CBX_INST_ENTRY INSTANCE_NAME="|One_Counter|Data_Path:DP|ALU:ALU1|mux16_1:mux16_1|lpm_mux:Mux3" CBX_FILE_NAME="mux_joc.tdf"/>
		<CBX_INST_ENTRY INSTANCE_NAME="|One_Counter|Data_Path:DP|RegisterFile:Reg|lpm_mux:regfile_rtl_1" CBX_FILE_NAME="mux_joc.tdf"/>
		<CBX_INST_ENTRY INSTANCE_NAME="|One_Counter|Data_Path:DP|RegisterFile:Reg|lpm_mux:regfile_rtl_5" CBX_FILE_NAME="mux_joc.tdf"/>
		<CBX_INST_ENTRY INSTANCE_NAME="|One_Counter|Data_Path:DP|Shift_Register:Shift_Reg|lpm_mux:Mux3" CBX_FILE_NAME="mux_umc.tdf"/>
		<CBX_INST_ENTRY INSTANCE_NAME="|One_Counter|Data_Path:DP|ALU:ALU1|mux16_1:mux16_1|lpm_mux:Mux0" CBX_FILE_NAME="mux_joc.tdf"/>
		<CBX_INST_ENTRY INSTANCE_NAME="|One_Counter|Data_Path:DP|RegisterFile:Reg|lpm_mux:regfile_rtl_2" CBX_FILE_NAME="mux_joc.tdf"/>
		<CBX_INST_ENTRY INSTANCE_NAME="|One_Counter|Data_Path:DP|RegisterFile:Reg|lpm_mux:regfile_rtl_6" CBX_FILE_NAME="mux_joc.tdf"/>
		<CBX_INST_ENTRY INSTANCE_NAME="|One_Counter|Data_Path:DP|Shift_Register:Shift_Reg|lpm_mux:Mux0" CBX_FILE_NAME="mux_umc.tdf"/>
		<CBX_INST_ENTRY INSTANCE_NAME="|One_Counter|Data_Path:DP|ALU:ALU1|mux16_1:mux16_1|lpm_mux:Mux1" CBX_FILE_NAME="mux_joc.tdf"/>
		<CBX_INST_ENTRY INSTANCE_NAME="|One_Counter|Data_Path:DP|RegisterFile:Reg|lpm_mux:regfile_rtl_3" CBX_FILE_NAME="mux_joc.tdf"/>
		<CBX_INST_ENTRY INSTANCE_NAME="|One_Counter|Data_Path:DP|RegisterFile:Reg|lpm_mux:regfile_rtl_7" CBX_FILE_NAME="mux_joc.tdf"/>
		<CBX_INST_ENTRY INSTANCE_NAME="|One_Counter|Data_Path:DP|Shift_Register:Shift_Reg|lpm_mux:Mux1" CBX_FILE_NAME="mux_umc.tdf"/>
	</PROJECT>
</LOG_ROOT>
