<?xml version="1.0" ?>
<LOG_ROOT>
	<PROJECT NAME="Doan">
		<CBX_INST_ENTRY INSTANCE_NAME="|giaithua|Data_Path:DP|ALU:ALU1|Multiplier:Mul|lpm_mult:Mult0" CBX_FILE_NAME="mult_h1t.tdf"/>
		<CBX_INST_ENTRY INSTANCE_NAME="|giaithua|Data_Path:DP|ALU:ALU1|mux16_1:mux16_1|lpm_mux:Mux12" CBX_FILE_NAME="mux_joc.tdf"/>
		<CBX_INST_ENTRY INSTANCE_NAME="|giaithua|Data_Path:DP|ALU:ALU1|mux16_1:mux16_1|lpm_mux:Mux3" CBX_FILE_NAME="mux_joc.tdf"/>
		<CBX_INST_ENTRY INSTANCE_NAME="|giaithua|Data_Path:DP|RegisterFile:Reg|lpm_mux:regfile_rtl_18" CBX_FILE_NAME="mux_joc.tdf"/>
		<CBX_INST_ENTRY INSTANCE_NAME="|giaithua|Data_Path:DP|RegisterFile:Reg|lpm_mux:regfile_rtl_27" CBX_FILE_NAME="mux_joc.tdf"/>
		<CBX_INST_ENTRY INSTANCE_NAME="|giaithua|Data_Path:DP|RegisterFile:Reg|lpm_mux:regfile_rtl_9" CBX_FILE_NAME="mux_joc.tdf"/>
		<CBX_INST_ENTRY INSTANCE_NAME="|giaithua|Data_Path:DP|ALU:ALU1|mux16_1:mux16_1|lpm_mux:Mux13" CBX_FILE_NAME="mux_joc.tdf"/>
		<CBX_INST_ENTRY INSTANCE_NAME="|giaithua|Data_Path:DP|ALU:ALU1|mux16_1:mux16_1|lpm_mux:Mux4" CBX_FILE_NAME="mux_joc.tdf"/>
		<CBX_INST_ENTRY INSTANCE_NAME="|giaithua|Data_Path:DP|RegisterFile:Reg|lpm_mux:regfile_rtl_19" CBX_FILE_NAME="mux_joc.tdf"/>
		<CBX_INST_ENTRY INSTANCE_NAME="|giaithua|Data_Path:DP|RegisterFile:Reg|lpm_mux:regfile_rtl_28" CBX_FILE_NAME="mux_joc.tdf"/>
		<CBX_INST_ENTRY INSTANCE_NAME="|giaithua|Data_Path:DP|ALU:ALU1|mux16_1:mux16_1|lpm_mux:Mux14" CBX_FILE_NAME="mux_joc.tdf"/>
		<CBX_INST_ENTRY INSTANCE_NAME="|giaithua|Data_Path:DP|ALU:ALU1|mux16_1:mux16_1|lpm_mux:Mux5" CBX_FILE_NAME="mux_joc.tdf"/>
		<CBX_INST_ENTRY INSTANCE_NAME="|giaithua|Data_Path:DP|RegisterFile:Reg|lpm_mux:regfile_rtl_29" CBX_FILE_NAME="mux_joc.tdf"/>
		<CBX_INST_ENTRY INSTANCE_NAME="|giaithua|Data_Path:DP|ALU:ALU1|mux16_1:mux16_1|lpm_mux:Mux15" CBX_FILE_NAME="mux_joc.tdf"/>
		<CBX_INST_ENTRY INSTANCE_NAME="|giaithua|Data_Path:DP|ALU:ALU1|mux16_1:mux16_1|lpm_mux:Mux6" CBX_FILE_NAME="mux_joc.tdf"/>
		<CBX_INST_ENTRY INSTANCE_NAME="|giaithua|Data_Path:DP|ALU:ALU1|mux16_1:mux16_1|lpm_mux:Mux7" CBX_FILE_NAME="mux_joc.tdf"/>
		<CBX_INST_ENTRY INSTANCE_NAME="|giaithua|Data_Path:DP|ALU:ALU1|mux16_1:mux16_1|lpm_mux:Mux0" CBX_FILE_NAME="mux_joc.tdf"/>
		<CBX_INST_ENTRY INSTANCE_NAME="|giaithua|Data_Path:DP|ALU:ALU1|mux16_1:mux16_1|lpm_mux:Mux8" CBX_FILE_NAME="mux_joc.tdf"/>
		<CBX_INST_ENTRY INSTANCE_NAME="|giaithua|Data_Path:DP|RegisterFile:Reg|lpm_mux:regfile_rtl_15" CBX_FILE_NAME="mux_joc.tdf"/>
		<CBX_INST_ENTRY INSTANCE_NAME="|giaithua|Data_Path:DP|RegisterFile:Reg|lpm_mux:regfile_rtl_24" CBX_FILE_NAME="mux_joc.tdf"/>
		<CBX_INST_ENTRY INSTANCE_NAME="|giaithua|Data_Path:DP|RegisterFile:Reg|lpm_mux:regfile_rtl_6" CBX_FILE_NAME="mux_joc.tdf"/>
		<CBX_INST_ENTRY INSTANCE_NAME="|giaithua|Data_Path:DP|ALU:ALU1|mux16_1:mux16_1|lpm_mux:Mux1" CBX_FILE_NAME="mux_joc.tdf"/>
		<CBX_INST_ENTRY INSTANCE_NAME="|giaithua|Data_Path:DP|ALU:ALU1|mux16_1:mux16_1|lpm_mux:Mux10" CBX_FILE_NAME="mux_joc.tdf"/>
		<CBX_INST_ENTRY INSTANCE_NAME="|giaithua|Data_Path:DP|ALU:ALU1|mux16_1:mux16_1|lpm_mux:Mux9" CBX_FILE_NAME="mux_joc.tdf"/>
		<CBX_INST_ENTRY INSTANCE_NAME="|giaithua|Data_Path:DP|RegisterFile:Reg|lpm_mux:regfile_rtl_16" CBX_FILE_NAME="mux_joc.tdf"/>
		<CBX_INST_ENTRY INSTANCE_NAME="|giaithua|Data_Path:DP|RegisterFile:Reg|lpm_mux:regfile_rtl_25" CBX_FILE_NAME="mux_joc.tdf"/>
		<CBX_INST_ENTRY INSTANCE_NAME="|giaithua|Data_Path:DP|RegisterFile:Reg|lpm_mux:regfile_rtl_7" CBX_FILE_NAME="mux_joc.tdf"/>
		<CBX_INST_ENTRY INSTANCE_NAME="|giaithua|Data_Path:DP|ALU:ALU1|mux16_1:mux16_1|lpm_mux:Mux11" CBX_FILE_NAME="mux_joc.tdf"/>
		<CBX_INST_ENTRY INSTANCE_NAME="|giaithua|Data_Path:DP|ALU:ALU1|mux16_1:mux16_1|lpm_mux:Mux2" CBX_FILE_NAME="mux_joc.tdf"/>
		<CBX_INST_ENTRY INSTANCE_NAME="|giaithua|Data_Path:DP|RegisterFile:Reg|lpm_mux:regfile_rtl_0" CBX_FILE_NAME="mux_joc.tdf"/>
		<CBX_INST_ENTRY INSTANCE_NAME="|giaithua|Data_Path:DP|RegisterFile:Reg|lpm_mux:regfile_rtl_17" CBX_FILE_NAME="mux_joc.tdf"/>
		<CBX_INST_ENTRY INSTANCE_NAME="|giaithua|Data_Path:DP|RegisterFile:Reg|lpm_mux:regfile_rtl_26" CBX_FILE_NAME="mux_joc.tdf"/>
		<CBX_INST_ENTRY INSTANCE_NAME="|giaithua|Data_Path:DP|RegisterFile:Reg|lpm_mux:regfile_rtl_8" CBX_FILE_NAME="mux_joc.tdf"/>
		<CBX_INST_ENTRY INSTANCE_NAME="|giaithua|Data_Path:DP|RegisterFile:Reg|lpm_mux:regfile_rtl_1" CBX_FILE_NAME="mux_joc.tdf"/>
		<CBX_INST_ENTRY INSTANCE_NAME="|giaithua|Data_Path:DP|RegisterFile:Reg|lpm_mux:regfile_rtl_10" CBX_FILE_NAME="mux_joc.tdf"/>
		<CBX_INST_ENTRY INSTANCE_NAME="|giaithua|Data_Path:DP|RegisterFile:Reg|lpm_mux:regfile_rtl_11" CBX_FILE_NAME="mux_joc.tdf"/>
		<CBX_INST_ENTRY INSTANCE_NAME="|giaithua|Data_Path:DP|RegisterFile:Reg|lpm_mux:regfile_rtl_2" CBX_FILE_NAME="mux_joc.tdf"/>
		<CBX_INST_ENTRY INSTANCE_NAME="|giaithua|Data_Path:DP|RegisterFile:Reg|lpm_mux:regfile_rtl_20" CBX_FILE_NAME="mux_joc.tdf"/>
		<CBX_INST_ENTRY INSTANCE_NAME="|giaithua|Data_Path:DP|RegisterFile:Reg|lpm_mux:regfile_rtl_12" CBX_FILE_NAME="mux_joc.tdf"/>
		<CBX_INST_ENTRY INSTANCE_NAME="|giaithua|Data_Path:DP|RegisterFile:Reg|lpm_mux:regfile_rtl_21" CBX_FILE_NAME="mux_joc.tdf"/>
		<CBX_INST_ENTRY INSTANCE_NAME="|giaithua|Data_Path:DP|RegisterFile:Reg|lpm_mux:regfile_rtl_3" CBX_FILE_NAME="mux_joc.tdf"/>
		<CBX_INST_ENTRY INSTANCE_NAME="|giaithua|Data_Path:DP|RegisterFile:Reg|lpm_mux:regfile_rtl_30" CBX_FILE_NAME="mux_joc.tdf"/>
		<CBX_INST_ENTRY INSTANCE_NAME="|giaithua|Data_Path:DP|RegisterFile:Reg|lpm_mux:regfile_rtl_13" CBX_FILE_NAME="mux_joc.tdf"/>
		<CBX_INST_ENTRY INSTANCE_NAME="|giaithua|Data_Path:DP|RegisterFile:Reg|lpm_mux:regfile_rtl_22" CBX_FILE_NAME="mux_joc.tdf"/>
		<CBX_INST_ENTRY INSTANCE_NAME="|giaithua|Data_Path:DP|RegisterFile:Reg|lpm_mux:regfile_rtl_31" CBX_FILE_NAME="mux_joc.tdf"/>
		<CBX_INST_ENTRY INSTANCE_NAME="|giaithua|Data_Path:DP|RegisterFile:Reg|lpm_mux:regfile_rtl_4" CBX_FILE_NAME="mux_joc.tdf"/>
		<CBX_INST_ENTRY INSTANCE_NAME="|giaithua|Data_Path:DP|RegisterFile:Reg|lpm_mux:regfile_rtl_14" CBX_FILE_NAME="mux_joc.tdf"/>
		<CBX_INST_ENTRY INSTANCE_NAME="|giaithua|Data_Path:DP|RegisterFile:Reg|lpm_mux:regfile_rtl_23" CBX_FILE_NAME="mux_joc.tdf"/>
		<CBX_INST_ENTRY INSTANCE_NAME="|giaithua|Data_Path:DP|RegisterFile:Reg|lpm_mux:regfile_rtl_5" CBX_FILE_NAME="mux_joc.tdf"/>
	</PROJECT>
</LOG_ROOT>
